[{"id": 0, "kind": "sat", "lat": 0.0, "lon": 2.0, "alt_m": 550000.0, "name": "CALSPHERE 2"}, {"id": 1, "kind": "sat", "lat": 0.0, "lon": 101.0, "alt_m": 550000.0, "name": "LCS 1"}, {"id": 2, "kind": "sat", "lat": 0.0, "lon": -108.0, "alt_m": 550000.0, "name": "TEMPSAT 1"}, {"id": 3, "kind": "sat", "lat": 0.0, "lon": -100.0, "alt_m": 550000.0, "name": "CALSPHERE 4A"}, {"id": 4, "kind": "sat", "lat": 0.0, "lon": 126.0, "alt_m": 550000.0, "name": "OPS 5712 (P/L 160)"}, {"id": 5, "kind": "sat", "lat": 0.0, "lon": 166.0, "alt_m": 550000.0, "name": "LES-5"}, {"id": 6, "kind": "sat", "lat": 0.0, "lon": 172.0, "alt_m": 550000.0, "name": "SURCAL 159"}, {"id": 7, "kind": "sat", "lat": 0.0, "lon": 174.0, "alt_m": 550000.0, "name": "OPS 5712 (P/L 153)"}, {"id": 8, "kind": "sat", "lat": 0.0, "lon": -16.0, "alt_m": 550000.0, "name": "OPS 3811 (DSP 2)"}, {"id": 9, "kind": "sat", "lat": 0.0, "lon": 178.0, "alt_m": 550000.0, "name": "RIGIDSPHERE 2 (LCS 4)"}, {"id": 10, "kind": "sat", "lat": 0.0, "lon": 150.0, "alt_m": 550000.0, "name": "OSCAR 7 (AO-7)"}, {"id": 11, "kind": "sat", "lat": 0.0, "lon": -94.0, "alt_m": 550000.0, "name": "STARLETTE"}, {"id": 12, "kind": "sat", "lat": 0.0, "lon": -54.0, "alt_m": 550000.0, "name": "OPS 8701 (DSP 10)"}, {"id": 13, "kind": "sat", "lat": 0.0, "lon": -91.0, "alt_m": 550000.0, "name": "PHASE 3B (AO-10)"}, {"id": 14, "kind": "sat", "lat": 0.0, "lon": -159.0, "alt_m": 550000.0, "name": "UOSAT 2 (UO-11)"}, {"id": 15, "kind": "sat", "lat": 0.0, "lon": 168.0, "alt_m": 550000.0, "name": "AJISAI (EGS)"}, {"id": 16, "kind": "sat", "lat": 0.0, "lon": -72.0, "alt_m": 550000.0, "name": "TDRS 3"}, {"id": 17, "kind": "sat", "lat": 0.0, "lon": 131.0, "alt_m": 550000.0, "name": "COSMOS 1989 (ETALON 1)"}, {"id": 18, "kind": "sat", "lat": 0.0, "lon": 46.0, "alt_m": 550000.0, "name": "COSMOS 2024 (ETALON 2)"}, {"id": 19, "kind": "sat", "lat": 0.0, "lon": -87.0, "alt_m": 550000.0, "name": "FLTSATCOM 8 (USA 46)"}, {"id": 20, "kind": "sat", "lat": 0.0, "lon": 102.0, "alt_m": 550000.0, "name": "LUSAT (LO-19)"}, {"id": 21, "kind": "sat", "lat": 0.0, "lon": -120.0, "alt_m": 550000.0, "name": "HST"}, {"id": 22, "kind": "sat", "lat": 0.0, "lon": 76.0, "alt_m": 550000.0, "name": "SKYNET 4C"}, {"id": 23, "kind": "sat", "lat": 0.0, "lon": -131.0, "alt_m": 550000.0, "name": "USA 65 (DSP 15)"}, {"id": 24, "kind": "sat", "lat": 0.0, "lon": -141.0, "alt_m": 550000.0, "name": "TDRS 5"}, {"id": 25, "kind": "sat", "lat": 0.0, "lon": 25.0, "alt_m": 550000.0, "name": "USA 75 (DSP 16)"}, {"id": 26, "kind": "sat", "lat": 0.0, "lon": 55.0, "alt_m": 550000.0, "name": "LAGEOS 2"}, {"id": 27, "kind": "sat", "lat": 0.0, "lon": -10.0, "alt_m": 550000.0, "name": "SCD 1"}, {"id": 28, "kind": "sat", "lat": 0.0, "lon": -73.0, "alt_m": 550000.0, "name": "UFO 2 (USA 95)"}, {"id": 29, "kind": "sat", "lat": 0.0, "lon": -36.0, "alt_m": 550000.0, "name": "STELLA"}, {"id": 30, "kind": "sat", "lat": 0.0, "lon": -35.0, "alt_m": 550000.0, "name": "EYESAT A (AO-27)"}, {"id": 31, "kind": "sat", "lat": 0.0, "lon": -34.0, "alt_m": 550000.0, "name": "ITAMSAT (IO-26)"}, {"id": 32, "kind": "sat", "lat": 0.0, "lon": 128.0, "alt_m": 550000.0, "name": "USA 99 (MILSTAR-1 1)"}, {"id": 33, "kind": "sat", "lat": 0.0, "lon": -113.0, "alt_m": 550000.0, "name": "UFO 4 (USA 108)"}, {"id": 34, "kind": "sat", "lat": 0.0, "lon": 33.0, "alt_m": 550000.0, "name": "TDRS 7"}, {"id": 35, "kind": "sat", "lat": 0.0, "lon": 132.0, "alt_m": 550000.0, "name": "USA 115 (MILSTAR-1 2)"}, {"id": 36, "kind": "sat", "lat": 0.0, "lon": -138.0, "alt_m": 550000.0, "name": "POLAR"}, {"id": 37, "kind": "sat", "lat": 0.0, "lon": -101.0, "alt_m": 550000.0, "name": "INMARSAT 3-F1"}, {"id": 38, "kind": "sat", "lat": 0.0, "lon": -47.0, "alt_m": 550000.0, "name": "USA 119"}, {"id": 39, "kind": "sat", "lat": 0.0, "lon": -22.0, "alt_m": 550000.0, "name": "JAS-2 (FO-29)"}, {"id": 40, "kind": "sat", "lat": 0.0, "lon": 7.0, "alt_m": 550000.0, "name": "INMARSAT 3-F2"}, {"id": 41, "kind": "sat", "lat": 0.0, "lon": 14.0, "alt_m": 550000.0, "name": "INMARSAT 3-F3"}, {"id": 42, "kind": "sat", "lat": 0.0, "lon": -144.0, "alt_m": 550000.0, "name": "NAVSTAR 43 (USA 132)"}, {"id": 43, "kind": "sat", "lat": 0.0, "lon": -84.0, "alt_m": 550000.0, "name": "AMC-3"}, {"id": 44, "kind": "sat", "lat": 0.0, "lon": -1.0, "alt_m": 550000.0, "name": "USA 134"}, {"id": 45, "kind": "sat", "lat": 0.0, "lon": 98.0, "alt_m": 550000.0, "name": "ORBCOMM FM06"}, {"id": 46, "kind": "sat", "lat": 0.0, "lon": 133.0, "alt_m": 550000.0, "name": "INMARSAT 3-F5"}, {"id": 47, "kind": "sat", "lat": 0.0, "lon": 139.0, "alt_m": 550000.0, "name": "ORBCOMM FM04"}, {"id": 48, "kind": "sat", "lat": 0.0, "lon": 140.0, "alt_m": 550000.0, "name": "CELESTIS-02 & TAURUS R/B"}, {"id": 49, "kind": "sat", "lat": 0.0, "lon": 17.0, "alt_m": 550000.0, "name": "TECHSAT 1B (GO-32)"}, {"id": 50, "kind": "sat", "lat": 0.0, "lon": 18.0, "alt_m": 550000.0, "name": "WESTPAC"}, {"id": 51, "kind": "sat", "lat": 0.0, "lon": 35.0, "alt_m": 550000.0, "name": "ORBCOMM FM19"}, {"id": 52, "kind": "sat", "lat": 0.0, "lon": 36.0, "alt_m": 550000.0, "name": "ORBCOMM FM20"}, {"id": 53, "kind": "sat", "lat": 0.0, "lon": 124.0, "alt_m": 550000.0, "name": "SCD 2"}, {"id": 54, "kind": "sat", "lat": 0.0, "lon": 164.0, "alt_m": 550000.0, "name": "ISS (ZARYA)"}, {"id": 55, "kind": "sat", "lat": 0.0, "lon": -180.0, "alt_m": 550000.0, "name": "SWAS"}, {"id": 56, "kind": "sat", "lat": 0.0, "lon": 127.0, "alt_m": 550000.0, "name": "CXO"}, {"id": 57, "kind": "sat", "lat": 0.0, "lon": -176.0, "alt_m": 550000.0, "name": "ABS-6"}, {"id": 58, "kind": "sat", "lat": 0.0, "lon": -167.0, "alt_m": 550000.0, "name": "NAVSTAR 46 (USA 145)"}, {"id": 59, "kind": "sat", "lat": 0.0, "lon": -133.0, "alt_m": 550000.0, "name": "UFO 10 (USA 146)"}, {"id": 60, "kind": "sat", "lat": 0.0, "lon": -118.0, "alt_m": 550000.0, "name": "ORBCOMM FM32"}, {"id": 61, "kind": "sat", "lat": 0.0, "lon": -111.0, "alt_m": 550000.0, "name": "XMM-NEWTON"}, {"id": 62, "kind": "sat", "lat": 0.0, "lon": -106.0, "alt_m": 550000.0, "name": "TERRA"}, {"id": 63, "kind": "sat", "lat": 0.0, "lon": 13.0, "alt_m": 550000.0, "name": "IMAGE"}, {"id": 64, "kind": "sat", "lat": 0.0, "lon": -104.0, "alt_m": 550000.0, "name": "USA 149 (DSP 20)"}, {"id": 65, "kind": "sat", "lat": 0.0, "lon": -53.0, "alt_m": 550000.0, "name": "NAVSTAR 48 (USA 151)"}, {"id": 66, "kind": "sat", "lat": 0.0, "lon": -50.0, "alt_m": 550000.0, "name": "CLUSTER II-FM7 (SAMBA)"}, {"id": 67, "kind": "sat", "lat": 0.0, "lon": 4.0, "alt_m": 550000.0, "name": "CLUSTER II-FM8 (TANGO)"}, {"id": 68, "kind": "sat", "lat": 0.0, "lon": 94.0, "alt_m": 550000.0, "name": "NSS-11"}, {"id": 69, "kind": "sat", "lat": 0.0, "lon": 115.0, "alt_m": 550000.0, "name": "USA 153"}, {"id": 70, "kind": "sat", "lat": 0.0, "lon": 120.0, "alt_m": 550000.0, "name": "AMC-6"}, {"id": 71, "kind": "sat", "lat": 0.0, "lon": 145.0, "alt_m": 550000.0, "name": "NAVSTAR 49 (USA 154)"}, {"id": 72, "kind": "sat", "lat": 0.0, "lon": -105.0, "alt_m": 550000.0, "name": "USA 157 (MILSTAR-2 2)"}, {"id": 73, "kind": "sat", "lat": 0.0, "lon": 37.0, "alt_m": 550000.0, "name": "OMNI-M1"}, {"id": 74, "kind": "sat", "lat": 0.0, "lon": 60.0, "alt_m": 550000.0, "name": "USA 159 (DSP 21)"}, {"id": 75, "kind": "sat", "lat": 0.0, "lon": 80.0, "alt_m": 550000.0, "name": "INTELSAT 902 (IS-902)"}, {"id": 76, "kind": "sat", "lat": 0.0, "lon": 138.0, "alt_m": 550000.0, "name": "PROBA-1"}, {"id": 77, "kind": "sat", "lat": 0.0, "lon": -124.0, "alt_m": 550000.0, "name": "COSMOS 2385"}, {"id": 78, "kind": "sat", "lat": 0.0, "lon": -123.0, "alt_m": 550000.0, "name": "COSMOS 2386"}, {"id": 79, "kind": "sat", "lat": 0.0, "lon": -12.0, "alt_m": 550000.0, "name": "USA 164 (MILSTAR-2 3)"}, {"id": 80, "kind": "sat", "lat": 0.0, "lon": -160.0, "alt_m": 550000.0, "name": "INTELSAT 904 (IS-904)"}, {"id": 81, "kind": "sat", "lat": 0.0, "lon": -116.0, "alt_m": 550000.0, "name": "AQUA"}, {"id": 82, "kind": "sat", "lat": 0.0, "lon": -114.0, "alt_m": 550000.0, "name": "DIRECTV 5 (TEMPO 1)"}, {"id": 83, "kind": "sat", "lat": 0.0, "lon": -102.0, "alt_m": 550000.0, "name": "INTELSAT 905 (IS-905)"}, {"id": 84, "kind": "sat", "lat": 0.0, "lon": -95.0, "alt_m": 550000.0, "name": "GALAXY 3C (G-3C)"}, {"id": 85, "kind": "sat", "lat": 0.0, "lon": -76.0, "alt_m": 550000.0, "name": "COSMOS 2390"}, {"id": 86, "kind": "sat", "lat": 0.0, "lon": -75.0, "alt_m": 550000.0, "name": "COSMOS 2391"}, {"id": 87, "kind": "sat", "lat": 0.0, "lon": -27.0, "alt_m": 550000.0, "name": "INTELSAT 906 (IS-906)"}, {"id": 88, "kind": "sat", "lat": 0.0, "lon": 66.0, "alt_m": 550000.0, "name": "LATINSAT B"}, {"id": 89, "kind": "sat", "lat": 0.0, "lon": 67.0, "alt_m": 550000.0, "name": "SAUDISAT 1C (SO-50)"}, {"id": 90, "kind": "sat", "lat": 0.0, "lon": 72.0, "alt_m": 550000.0, "name": "LATINSAT A"}, {"id": 91, "kind": "sat", "lat": 0.0, "lon": 92.0, "alt_m": 550000.0, "name": "NIMIQ 2"}, {"id": 92, "kind": "sat", "lat": 0.0, "lon": 100.0, "alt_m": 550000.0, "name": "CORIOLIS"}, {"id": 93, "kind": "sat", "lat": 0.0, "lon": 123.0, "alt_m": 550000.0, "name": "NAVSTAR 51 (USA 166)"}, {"id": 94, "kind": "sat", "lat": 0.0, "lon": 151.0, "alt_m": 550000.0, "name": "USA 167"}, {"id": 95, "kind": "sat", "lat": 0.0, "lon": 171.0, "alt_m": 550000.0, "name": "USA 169 (MILSTAR-2 4)"}, {"id": 96, "kind": "sat", "lat": 0.0, "lon": -89.0, "alt_m": 550000.0, "name": "HELLAS-SAT 2"}, {"id": 97, "kind": "sat", "lat": 0.0, "lon": -69.0, "alt_m": 550000.0, "name": "OPTUS C1"}, {"id": 98, "kind": "sat", "lat": 0.0, "lon": -57.0, "alt_m": 550000.0, "name": "MOST"}, {"id": 99, "kind": "sat", "lat": 0.0, "lon": -56.0, "alt_m": 550000.0, "name": "CUTE-1 (CO-55)"}, {"id": 100, "kind": "sat", "lat": 0.0, "lon": -52.0, "alt_m": 550000.0, "name": "CUBESAT XI-IV (CO-57)"}, {"id": 101, "kind": "sat", "lat": 0.0, "lon": -42.0, "alt_m": 550000.0, "name": "SCISAT 1"}, {"id": 102, "kind": "sat", "lat": 0.0, "lon": -32.0, "alt_m": 550000.0, "name": "COSMOS 2400"}, {"id": 103, "kind": "sat", "lat": 0.0, "lon": -31.0, "alt_m": 550000.0, "name": "COSMOS 2401"}, {"id": 104, "kind": "sat", "lat": 0.0, "lon": -25.0, "alt_m": 550000.0, "name": "USA 170"}, {"id": 105, "kind": "sat", "lat": 0.0, "lon": 39.0, "alt_m": 550000.0, "name": "MOZHAETS 4 (RS-22)"}, {"id": 106, "kind": "sat", "lat": 0.0, "lon": 44.0, "alt_m": 550000.0, "name": "LARETS"}, {"id": 107, "kind": "sat", "lat": 0.0, "lon": 54.0, "alt_m": 550000.0, "name": "GALAXY 13 (HORIZONS-1)"}, {"id": 108, "kind": "sat", "lat": 0.0, "lon": 154.0, "alt_m": 550000.0, "name": "DMSP 5D-3 F16 (USA 172)"}, {"id": 109, "kind": "sat", "lat": 0.0, "lon": 158.0, "alt_m": 550000.0, "name": "CHUANGXIN 1 (CX-1)"}, {"id": 110, "kind": "sat", "lat": 0.0, "lon": -171.0, "alt_m": 550000.0, "name": "YAMAL 202"}, {"id": 111, "kind": "sat", "lat": 0.0, "lon": -143.0, "alt_m": 550000.0, "name": "UFO 11 (USA 174)"}, {"id": 112, "kind": "sat", "lat": 0.0, "lon": -70.0, "alt_m": 550000.0, "name": "NAVSTAR 54 (USA 177)"}, {"id": 113, "kind": "sat", "lat": 0.0, "lon": -40.0, "alt_m": 550000.0, "name": "SHIYAN-1 (SY-1)"}, {"id": 114, "kind": "sat", "lat": 0.0, "lon": -8.0, "alt_m": 550000.0, "name": "AMC-11"}, {"id": 115, "kind": "sat", "lat": 0.0, "lon": 106.0, "alt_m": 550000.0, "name": "APRIZESAT 2"}, {"id": 116, "kind": "sat", "lat": 0.0, "lon": 109.0, "alt_m": 550000.0, "name": "SAUDICOMSAT 1"}, {"id": 117, "kind": "sat", "lat": 0.0, "lon": 110.0, "alt_m": 550000.0, "name": "SAUDICOMSAT 2"}, {"id": 118, "kind": "sat", "lat": 0.0, "lon": 112.0, "alt_m": 550000.0, "name": "APRIZESAT 1"}, {"id": 119, "kind": "sat", "lat": 0.0, "lon": 116.0, "alt_m": 550000.0, "name": "AURA"}, {"id": 120, "kind": "sat", "lat": 0.0, "lon": 118.0, "alt_m": 550000.0, "name": "ANIK F2"}, {"id": 121, "kind": "sat", "lat": 0.0, "lon": 153.0, "alt_m": 550000.0, "name": "SHIJIAN-6 01A (SJ-6 01A)"}, {"id": 122, "kind": "sat", "lat": 0.0, "lon": 159.0, "alt_m": 550000.0, "name": "COSMOS 2408"}, {"id": 123, "kind": "sat", "lat": 0.0, "lon": 160.0, "alt_m": 550000.0, "name": "COSMOS 2409"}, {"id": 124, "kind": "sat", "lat": 0.0, "lon": -174.0, "alt_m": 550000.0, "name": "AMC-15"}, {"id": 125, "kind": "sat", "lat": 0.0, "lon": -150.0, "alt_m": 550000.0, "name": "JB-3 3 (ZY 2C)"}, {"id": 126, "kind": "sat", "lat": 0.0, "lon": -146.0, "alt_m": 550000.0, "name": "NAVSTAR 56 (USA 180)"}, {"id": 127, "kind": "sat", "lat": 0.0, "lon": -135.0, "alt_m": 550000.0, "name": "SWIFT"}, {"id": 128, "kind": "sat", "lat": 0.0, "lon": -127.0, "alt_m": 550000.0, "name": "NANOSAT-1"}, {"id": 129, "kind": "sat", "lat": 0.0, "lon": -99.0, "alt_m": 550000.0, "name": "COSMOS 2414"}, {"id": 130, "kind": "sat", "lat": 0.0, "lon": 6.0, "alt_m": 550000.0, "name": "XM-3 (RHYTHM)"}, {"id": 131, "kind": "sat", "lat": 0.0, "lon": 8.0, "alt_m": 550000.0, "name": "INMARSAT 4-F1"}, {"id": 132, "kind": "sat", "lat": 0.0, "lon": 29.0, "alt_m": 550000.0, "name": "IRS-P5 (CARTOSAT-1)"}, {"id": 133, "kind": "sat", "lat": 0.0, "lon": 82.0, "alt_m": 550000.0, "name": "GALAXY 28 (G-28)"}, {"id": 134, "kind": "sat", "lat": 0.0, "lon": 117.0, "alt_m": 550000.0, "name": "SJ-7"}, {"id": 135, "kind": "sat", "lat": 0.0, "lon": -170.0, "alt_m": 550000.0, "name": "REIMEI (INDEX)"}, {"id": 136, "kind": "sat", "lat": 0.0, "lon": -112.0, "alt_m": 550000.0, "name": "ANIK F1R"}, {"id": 137, "kind": "sat", "lat": 0.0, "lon": -90.0, "alt_m": 550000.0, "name": "BEIJING 1"}, {"id": 138, "kind": "sat", "lat": 0.0, "lon": -85.0, "alt_m": 550000.0, "name": "CUBESAT XI-V"}, {"id": 139, "kind": "sat", "lat": 0.0, "lon": -81.0, "alt_m": 550000.0, "name": "INMARSAT 4-F2"}, {"id": 140, "kind": "sat", "lat": 0.0, "lon": -68.0, "alt_m": 550000.0, "name": "METEOSAT-9 (MSG-2)"}, {"id": 141, "kind": "sat", "lat": 0.0, "lon": -45.0, "alt_m": 550000.0, "name": "ECHOSTAR 10"}, {"id": 142, "kind": "sat", "lat": 0.0, "lon": 65.0, "alt_m": 550000.0, "name": "JCSAT-5A"}, {"id": 143, "kind": "sat", "lat": 0.0, "lon": 75.0, "alt_m": 550000.0, "name": "ASTRA 1KR"}, {"id": 144, "kind": "sat", "lat": 0.0, "lon": 99.0, "alt_m": 550000.0, "name": "EROS B"}, {"id": 145, "kind": "sat", "lat": 0.0, "lon": -67.0, "alt_m": 550000.0, "name": "SYRACUSE 3B"}, {"id": 146, "kind": "sat", "lat": 0.0, "lon": 9.0, "alt_m": 550000.0, "name": "KOREASAT 5 (MUGUNGWHA 5)"}, {"id": 147, "kind": "sat", "lat": 0.0, "lon": 146.0, "alt_m": 550000.0, "name": "NAVSTAR 58 (USA 190)"}, {"id": 148, "kind": "sat", "lat": 0.0, "lon": 155.0, "alt_m": 550000.0, "name": "OPTUS D1"}, {"id": 149, "kind": "sat", "lat": 0.0, "lon": 165.0, "alt_m": 550000.0, "name": "SHIJIAN-6 02A (SJ-6 02A)"}, {"id": 150, "kind": "sat", "lat": 0.0, "lon": -178.0, "alt_m": 550000.0, "name": "DMSP 5D-3 F17 (USA 191)"}, {"id": 151, "kind": "sat", "lat": 0.0, "lon": -38.0, "alt_m": 550000.0, "name": "ANIK F3"}, {"id": 152, "kind": "sat", "lat": 0.0, "lon": -21.0, "alt_m": 550000.0, "name": "SAUDICOMSAT 7"}, {"id": 153, "kind": "sat", "lat": 0.0, "lon": -19.0, "alt_m": 550000.0, "name": "SAUDICOMSAT 6"}, {"id": 154, "kind": "sat", "lat": 0.0, "lon": -15.0, "alt_m": 550000.0, "name": "SAUDICOMSAT 3"}, {"id": 155, "kind": "sat", "lat": 0.0, "lon": -13.0, "alt_m": 550000.0, "name": "SAUDICOMSAT 4"}, {"id": 156, "kind": "sat", "lat": 0.0, "lon": 167.0, "alt_m": 550000.0, "name": "GALAXY 17 (G-17)"}, {"id": 157, "kind": "sat", "lat": 0.0, "lon": 73.0, "alt_m": 550000.0, "name": "GLOBALSTAR M069"}, {"id": 158, "kind": "sat", "lat": 0.0, "lon": 74.0, "alt_m": 550000.0, "name": "GLOBALSTAR M072"}, {"id": 159, "kind": "sat", "lat": 0.0, "lon": -162.0, "alt_m": 550000.0, "name": "TERRASAR-X"}, {"id": 160, "kind": "sat", "lat": 0.0, "lon": -60.0, "alt_m": 550000.0, "name": "ZHONGXING-6B"}, {"id": 161, "kind": "sat", "lat": 0.0, "lon": 32.0, "alt_m": 550000.0, "name": "OPTUS D2"}, {"id": 162, "kind": "sat", "lat": 0.0, "lon": 38.0, "alt_m": 550000.0, "name": "WGS F1 (USA 195)"}, {"id": 163, "kind": "sat", "lat": 0.0, "lon": 40.0, "alt_m": 550000.0, "name": "NAVSTAR 60 (USA 196)"}, {"id": 164, "kind": "sat", "lat": 0.0, "lon": 45.0, "alt_m": 550000.0, "name": "GLOBALSTAR M066"}, {"id": 165, "kind": "sat", "lat": 0.0, "lon": 56.0, "alt_m": 550000.0, "name": "COSMOS 2432 [GLONASS-M]"}, {"id": 166, "kind": "sat", "lat": 0.0, "lon": 63.0, "alt_m": 550000.0, "name": "SAR-LUPE 3"}, {"id": 167, "kind": "sat", "lat": 0.0, "lon": 69.0, "alt_m": 550000.0, "name": "YAOGAN-3"}, {"id": 168, "kind": "sat", "lat": 0.0, "lon": 79.0, "alt_m": 550000.0, "name": "ASTRA 4A"}, {"id": 169, "kind": "sat", "lat": 0.0, "lon": 156.0, "alt_m": 550000.0, "name": "COSMO-SKYMED 2"}, {"id": 170, "kind": "sat", "lat": 0.0, "lon": 162.0, "alt_m": 550000.0, "name": "RADARSAT-2"}, {"id": 171, "kind": "sat", "lat": 0.0, "lon": 173.0, "alt_m": 550000.0, "name": "COSMOS 2434 [GLONASS-M]"}, {"id": 172, "kind": "sat", "lat": 0.0, "lon": 175.0, "alt_m": 550000.0, "name": "COSMOS 2436 [GLONASS-M]"}, {"id": 173, "kind": "sat", "lat": 0.0, "lon": -93.0, "alt_m": 550000.0, "name": "THOR 5"}, {"id": 174, "kind": "sat", "lat": 0.0, "lon": 149.0, "alt_m": 550000.0, "name": "DIRECTV 11"}, {"id": 175, "kind": "sat", "lat": 0.0, "lon": -177.0, "alt_m": 550000.0, "name": "ICO G1"}, {"id": 176, "kind": "sat", "lat": 0.0, "lon": -173.0, "alt_m": 550000.0, "name": "VINASAT-1"}, {"id": 177, "kind": "sat", "lat": 0.0, "lon": -172.0, "alt_m": 550000.0, "name": "STAR ONE C2"}, {"id": 178, "kind": "sat", "lat": 0.0, "lon": -157.0, "alt_m": 550000.0, "name": "CARTOSAT-2A"}, {"id": 179, "kind": "sat", "lat": 0.0, "lon": -155.0, "alt_m": 550000.0, "name": "CUTE-1.7+APD II (CO-65)"}, {"id": 180, "kind": "sat", "lat": 0.0, "lon": -149.0, "alt_m": 550000.0, "name": "SEEDS II (CO-66)"}, {"id": 181, "kind": "sat", "lat": 0.0, "lon": 11.0, "alt_m": 550000.0, "name": "GALAXY 18 (G-18)"}, {"id": 182, "kind": "sat", "lat": 0.0, "lon": 15.0, "alt_m": 550000.0, "name": "COSMOS 2438"}, {"id": 183, "kind": "sat", "lat": 0.0, "lon": 16.0, "alt_m": 550000.0, "name": "COSMOS 2439"}, {"id": 184, "kind": "sat", "lat": 0.0, "lon": 113.0, "alt_m": 550000.0, "name": "FGRST (GLAST)"}, {"id": 185, "kind": "sat", "lat": 0.0, "lon": -147.0, "alt_m": 550000.0, "name": "INTELSAT 25 (IS-25)"}, {"id": 186, "kind": "sat", "lat": 0.0, "lon": -26.0, "alt_m": 550000.0, "name": "SUPERBIRD-C2"}, {"id": 187, "kind": "sat", "lat": 0.0, "lon": 20.0, "alt_m": 550000.0, "name": "HUANJING 1A (HJ-1A)"}, {"id": 188, "kind": "sat", "lat": 0.0, "lon": 21.0, "alt_m": 550000.0, "name": "HUANJING 1B (HJ-1B)"}, {"id": 189, "kind": "sat", "lat": 0.0, "lon": 31.0, "alt_m": 550000.0, "name": "GEOEYE 1"}, {"id": 190, "kind": "sat", "lat": 0.0, "lon": 96.0, "alt_m": 550000.0, "name": "THEOS"}, {"id": 191, "kind": "sat", "lat": 0.0, "lon": 108.0, "alt_m": 550000.0, "name": "SHIJIAN-6 03A (SJ-6 03A)"}, {"id": 192, "kind": "sat", "lat": 0.0, "lon": 134.0, "alt_m": 550000.0, "name": "CHUANGXIN 1-02 (CX-1-02)"}, {"id": 193, "kind": "sat", "lat": 0.0, "lon": 136.0, "alt_m": 550000.0, "name": "ASTRA 1M"}, {"id": 194, "kind": "sat", "lat": 0.0, "lon": -168.0, "alt_m": 550000.0, "name": "GOSAT (IBUKI)"}, {"id": 195, "kind": "sat", "lat": 0.0, "lon": -161.0, "alt_m": 550000.0, "name": "KKS-1 (KISEKI)"}, {"id": 196, "kind": "sat", "lat": 0.0, "lon": -65.0, "alt_m": 550000.0, "name": "EXPRESS-AM44"}, {"id": 197, "kind": "sat", "lat": 0.0, "lon": 89.0, "alt_m": 550000.0, "name": "NSS-9"}, {"id": 198, "kind": "sat", "lat": 0.0, "lon": 91.0, "alt_m": 550000.0, "name": "TELSTAR 11N"}, {"id": 199, "kind": "sat", "lat": 0.0, "lon": -79.0, "alt_m": 550000.0, "name": "NAVSTAR 63 (USA 203)"}, {"id": 200, "kind": "sat", "lat": 0.0, "lon": -98.0, "alt_m": 550000.0, "name": "MEASAT-3A"}, {"id": 201, "kind": "sat", "lat": 0.0, "lon": -139.0, "alt_m": 550000.0, "name": "DEIMOS-1"}, {"id": 202, "kind": "sat", "lat": 0.0, "lon": -137.0, "alt_m": 550000.0, "name": "UK-DMC 2"}, {"id": 203, "kind": "sat", "lat": 0.0, "lon": -136.0, "alt_m": 550000.0, "name": "APRIZESAT 4"}, {"id": 204, "kind": "sat", "lat": 0.0, "lon": -134.0, "alt_m": 550000.0, "name": "APRIZESAT 3"}, {"id": 205, "kind": "sat", "lat": 0.0, "lon": -64.0, "alt_m": 550000.0, "name": "OPTUS D3"}, {"id": 206, "kind": "sat", "lat": 0.0, "lon": 53.0, "alt_m": 550000.0, "name": "NIMIQ 5"}, {"id": 207, "kind": "sat", "lat": 0.0, "lon": 122.0, "alt_m": 550000.0, "name": "AMAZONAS 2"}, {"id": 208, "kind": "sat", "lat": 0.0, "lon": -148.0, "alt_m": 550000.0, "name": "NSS-12"}, {"id": 209, "kind": "sat", "lat": 0.0, "lon": -92.0, "alt_m": 550000.0, "name": "SJ-11-01"}, {"id": 210, "kind": "sat", "lat": 0.0, "lon": -83.0, "alt_m": 550000.0, "name": "INTELSAT 14 (IS-14)"}, {"id": 211, "kind": "sat", "lat": 0.0, "lon": -74.0, "alt_m": 550000.0, "name": "INTELSAT 15 (IS-15)"}, {"id": 212, "kind": "sat", "lat": 0.0, "lon": -59.0, "alt_m": 550000.0, "name": "YAOGAN-8"}, {"id": 213, "kind": "sat", "lat": 0.0, "lon": -58.0, "alt_m": 550000.0, "name": "XIWANG-1 (HOPE-1)"}, {"id": 214, "kind": "sat", "lat": 0.0, "lon": -49.0, "alt_m": 550000.0, "name": "DIRECTV 12"}, {"id": 215, "kind": "sat", "lat": 0.0, "lon": 107.0, "alt_m": 550000.0, "name": "BEIDOU-2 G1"}, {"id": 216, "kind": "sat", "lat": 0.0, "lon": -145.0, "alt_m": 550000.0, "name": "SDO"}, {"id": 217, "kind": "sat", "lat": 0.0, "lon": -129.0, "alt_m": 550000.0, "name": "EWS-G2 (GOES 15)"}, {"id": 218, "kind": "sat", "lat": 0.0, "lon": -126.0, "alt_m": 550000.0, "name": "YAOGAN-9 01B"}, {"id": 219, "kind": "sat", "lat": 0.0, "lon": -125.0, "alt_m": 550000.0, "name": "YAOGAN-9 01C"}, {"id": 220, "kind": "sat", "lat": 0.0, "lon": -41.0, "alt_m": 550000.0, "name": "ECHOSTAR 14"}, {"id": 221, "kind": "sat", "lat": 0.0, "lon": -24.0, "alt_m": 550000.0, "name": "SES-1"}, {"id": 222, "kind": "sat", "lat": 0.0, "lon": 41.0, "alt_m": 550000.0, "name": "ASTRA 3B"}, {"id": 223, "kind": "sat", "lat": 0.0, "lon": 42.0, "alt_m": 550000.0, "name": "COMSATBW-2"}, {"id": 224, "kind": "sat", "lat": 0.0, "lon": 50.0, "alt_m": 550000.0, "name": "BEIDOU-2 G3"}, {"id": 225, "kind": "sat", "lat": 0.0, "lon": 52.0, "alt_m": 550000.0, "name": "BADR-5"}, {"id": 226, "kind": "sat", "lat": 0.0, "lon": -156.0, "alt_m": 550000.0, "name": "COMS 1"}, {"id": 227, "kind": "sat", "lat": 0.0, "lon": -66.0, "alt_m": 550000.0, "name": "YAOGAN-10"}, {"id": 228, "kind": "sat", "lat": 0.0, "lon": -107.0, "alt_m": 550000.0, "name": "STRELA 3"}, {"id": 229, "kind": "sat", "lat": 0.0, "lon": -80.0, "alt_m": 550000.0, "name": "SHIJIAN-6 04B (SJ-6 04B)"}, {"id": 230, "kind": "sat", "lat": 0.0, "lon": -71.0, "alt_m": 550000.0, "name": "GLOBALSTAR M074"}, {"id": 231, "kind": "sat", "lat": 0.0, "lon": -46.0, "alt_m": 550000.0, "name": "FENGYUN 3B"}, {"id": 232, "kind": "sat", "lat": 0.0, "lon": -44.0, "alt_m": 550000.0, "name": "COSMO-SKYMED 4"}, {"id": 233, "kind": "sat", "lat": 0.0, "lon": -23.0, "alt_m": 550000.0, "name": "HYLAS 1"}, {"id": 234, "kind": "sat", "lat": 0.0, "lon": -4.0, "alt_m": 550000.0, "name": "BEIDOU-2 IGSO-2"}, {"id": 235, "kind": "sat", "lat": 0.0, "lon": -2.0, "alt_m": 550000.0, "name": "EUTELSAT KA-SAT 9A"}, {"id": 236, "kind": "sat", "lat": 0.0, "lon": 5.0, "alt_m": 550000.0, "name": "KOREASAT 6"}, {"id": 237, "kind": "sat", "lat": 0.0, "lon": 129.0, "alt_m": 550000.0, "name": "X-SAT"}, {"id": 238, "kind": "sat", "lat": 0.0, "lon": -18.0, "alt_m": 550000.0, "name": "TELSTAR 14R"}, {"id": 239, "kind": "sat", "lat": 0.0, "lon": -14.0, "alt_m": 550000.0, "name": "ST-2"}, {"id": 240, "kind": "sat", "lat": 0.0, "lon": 57.0, "alt_m": 550000.0, "name": "ZHONGXING-10"}, {"id": 241, "kind": "sat", "lat": 0.0, "lon": 119.0, "alt_m": 550000.0, "name": "GLOBALSTAR M083"}, {"id": 242, "kind": "sat", "lat": 0.0, "lon": 121.0, "alt_m": 550000.0, "name": "GLOBALSTAR M091"}, {"id": 243, "kind": "sat", "lat": 0.0, "lon": 143.0, "alt_m": 550000.0, "name": "BEIDOU-2 IGSO-4"}, {"id": 244, "kind": "sat", "lat": 0.0, "lon": 161.0, "alt_m": 550000.0, "name": "HAIYANG-2A"}, {"id": 245, "kind": "sat", "lat": 0.0, "lon": 169.0, "alt_m": 550000.0, "name": "NIGERIASAT-2"}, {"id": 246, "kind": "sat", "lat": 0.0, "lon": 170.0, "alt_m": 550000.0, "name": "NIGERIASAT-X"}, {"id": 247, "kind": "sat", "lat": 0.0, "lon": -164.0, "alt_m": 550000.0, "name": "EUTELSAT 7 WEST A"}, {"id": 248, "kind": "sat", "lat": 0.0, "lon": -154.0, "alt_m": 550000.0, "name": "QUETZSAT 1"}, {"id": 249, "kind": "sat", "lat": 0.0, "lon": -29.0, "alt_m": 550000.0, "name": "LUCH-5A"}, {"id": 250, "kind": "sat", "lat": 0.0, "lon": 34.0, "alt_m": 550000.0, "name": "NIGCOMSAT 1R"}, {"id": 251, "kind": "sat", "lat": 0.0, "lon": 58.0, "alt_m": 550000.0, "name": "ZIYUAN 1-02C (ZY 1-02C)"}, {"id": 252, "kind": "sat", "lat": 0.0, "lon": 61.0, "alt_m": 550000.0, "name": "GLOBALSTAR M080"}, {"id": 253, "kind": "sat", "lat": 0.0, "lon": 62.0, "alt_m": 550000.0, "name": "GLOBALSTAR M082"}, {"id": 254, "kind": "sat", "lat": 0.0, "lon": 64.0, "alt_m": 550000.0, "name": "GLOBALSTAR M090"}, {"id": 255, "kind": "sat", "lat": 0.0, "lon": 90.0, "alt_m": 550000.0, "name": "WGS F4 (USA 233)"}, {"id": 256, "kind": "sat", "lat": 0.0, "lon": 97.0, "alt_m": 550000.0, "name": "LARES"}, {"id": 257, "kind": "sat", "lat": 0.0, "lon": -86.0, "alt_m": 550000.0, "name": "AEHF-2 (USA 235)"}, {"id": 258, "kind": "sat", "lat": 0.0, "lon": -9.0, "alt_m": 550000.0, "name": "JCSAT-13"}, {"id": 259, "kind": "sat", "lat": 0.0, "lon": -3.0, "alt_m": 550000.0, "name": "GCOM-W1 (SHIZUKU)"}, {"id": 260, "kind": "sat", "lat": 0.0, "lon": 12.0, "alt_m": 550000.0, "name": "ZHONGXING-2A"}, {"id": 261, "kind": "sat", "lat": 0.0, "lon": -48.0, "alt_m": 550000.0, "name": "SES-5"}, {"id": 262, "kind": "sat", "lat": 0.0, "lon": 49.0, "alt_m": 550000.0, "name": "INTELSAT 21 (IS-21)"}, {"id": 263, "kind": "sat", "lat": 0.0, "lon": 59.0, "alt_m": 550000.0, "name": "SMDC ONE 1.2"}, {"id": 264, "kind": "sat", "lat": 0.0, "lon": 71.0, "alt_m": 550000.0, "name": "METOP-B"}, {"id": 265, "kind": "sat", "lat": 0.0, "lon": 78.0, "alt_m": 550000.0, "name": "ASTRA 2F"}, {"id": 266, "kind": "sat", "lat": 0.0, "lon": 157.0, "alt_m": 550000.0, "name": "GSAT0103 (GALILEO-FM3)"}, {"id": 267, "kind": "sat", "lat": 0.0, "lon": -82.0, "alt_m": 550000.0, "name": "YAMAL 300K"}, {"id": 268, "kind": "sat", "lat": 0.0, "lon": -43.0, "alt_m": 550000.0, "name": "ZHONGXING-12"}, {"id": 269, "kind": "sat", "lat": 0.0, "lon": -30.0, "alt_m": 550000.0, "name": "GOKTURK 2"}, {"id": 270, "kind": "sat", "lat": 0.0, "lon": 10.0, "alt_m": 550000.0, "name": "TDRS 11"}, {"id": 271, "kind": "sat", "lat": 0.0, "lon": 19.0, "alt_m": 550000.0, "name": "AZERSPACE 1"}, {"id": 272, "kind": "sat", "lat": 0.0, "lon": 24.0, "alt_m": 550000.0, "name": "LANDSAT 8"}, {"id": 273, "kind": "sat", "lat": 0.0, "lon": 26.0, "alt_m": 550000.0, "name": "SARAL"}, {"id": 274, "kind": "sat", "lat": 0.0, "lon": 28.0, "alt_m": 550000.0, "name": "SAPPHIRE"}, {"id": 275, "kind": "sat", "lat": 0.0, "lon": 30.0, "alt_m": 550000.0, "name": "STRAND-1"}, {"id": 276, "kind": "sat", "lat": 0.0, "lon": 95.0, "alt_m": 550000.0, "name": "COSMOS 2485 [GLONASS-M]"}, {"id": 277, "kind": "sat", "lat": 0.0, "lon": 103.0, "alt_m": 550000.0, "name": "EUTELSAT 7B"}, {"id": 278, "kind": "sat", "lat": 0.0, "lon": 130.0, "alt_m": 550000.0, "name": "O3B FM2"}, {"id": 279, "kind": "sat", "lat": 0.0, "lon": 137.0, "alt_m": 550000.0, "name": "IRIS"}, {"id": 280, "kind": "sat", "lat": 0.0, "lon": 142.0, "alt_m": 550000.0, "name": "SJ-11-05"}, {"id": 281, "kind": "sat", "lat": 0.0, "lon": 148.0, "alt_m": 550000.0, "name": "SHIYAN-7 (SY-7)"}, {"id": 282, "kind": "sat", "lat": 0.0, "lon": 177.0, "alt_m": 550000.0, "name": "AMOS-4"}, {"id": 283, "kind": "sat", "lat": 0.0, "lon": 179.0, "alt_m": 550000.0, "name": "YAOGAN-17 01A"}, {"id": 284, "kind": "sat", "lat": 0.0, "lon": -179.0, "alt_m": 550000.0, "name": "YAOGAN-17 01C"}, {"id": 285, "kind": "sat", "lat": 0.0, "lon": -169.0, "alt_m": 550000.0, "name": "GONETS-M 7"}, {"id": 286, "kind": "sat", "lat": 0.0, "lon": -152.0, "alt_m": 550000.0, "name": "POPACS 1"}, {"id": 287, "kind": "sat", "lat": 0.0, "lon": -151.0, "alt_m": 550000.0, "name": "POPACS 2"}, {"id": 288, "kind": "sat", "lat": 0.0, "lon": -62.0, "alt_m": 550000.0, "name": "SHIJIAN-16 (SJ-16)"}, {"id": 289, "kind": "sat", "lat": 0.0, "lon": 3.0, "alt_m": 550000.0, "name": "WNISAT-1"}, {"id": 290, "kind": "sat", "lat": 0.0, "lon": 47.0, "alt_m": 550000.0, "name": "ALICE"}, {"id": 291, "kind": "sat", "lat": 0.0, "lon": 70.0, "alt_m": 550000.0, "name": "COSMOS 2493 (SKRL-756 1)"}, {"id": 292, "kind": "sat", "lat": 0.0, "lon": 84.0, "alt_m": 550000.0, "name": "TDRS 12"}, {"id": 293, "kind": "sat", "lat": 0.0, "lon": 88.0, "alt_m": 550000.0, "name": "ABS-2"}, {"id": 294, "kind": "sat", "lat": 0.0, "lon": -163.0, "alt_m": 550000.0, "name": "ASTRA 5B"}, {"id": 295, "kind": "sat", "lat": 0.0, "lon": -39.0, "alt_m": 550000.0, "name": "NAVSTAR 70 (USA 251)"}, {"id": 296, "kind": "sat", "lat": 0.0, "lon": -17.0, "alt_m": 550000.0, "name": "COSMOS 2498"}, {"id": 297, "kind": "sat", "lat": 0.0, "lon": -11.0, "alt_m": 550000.0, "name": "RISING 2"}, {"id": 298, "kind": "sat", "lat": 0.0, "lon": -7.0, "alt_m": 550000.0, "name": "EUTELSAT 3B"}, {"id": 299, "kind": "sat", "lat": 0.0, "lon": -130.0, "alt_m": 550000.0, "name": "KAZEOSAT 2"}, {"id": 300, "kind": "ground", "lat": 38.395, "lon": 21.828000000000003, "alt_m": 145.0, "name": "SV1IYO/A"}, {"id": 301, "kind": "ground", "lat": 53.298399025, "lon": -2.379503949999986, "alt_m": 861.0899999999999, "name": "M0SZT"}, {"id": 302, "kind": "ground", "lat": 50.77291280000001, "lon": 6.141767799999997, "alt_m": 183.0, "name": "DL4PD"}, {"id": 303, "kind": "ground", "lat": 52.82300000000001, "lon": 6.387499999999989, "alt_m": 10.0, "name": "CGBSAT-VHF"}, {"id": 304, "kind": "ground", "lat": 2.8171233333333334, "lon": -60.67930933333335, "alt_m": 38.0, "name": "PV8DX"}, {"id": 305, "kind": "ground", "lat": 29.854707666666666, "lon": -96.53233166666666, "alt_m": 69.33333333333333, "name": "N5CNB-VHF"}, {"id": 306, "kind": "ground", "lat": 51.974275, "lon": 9.865161, "alt_m": 154.0, "name": "Alfeld"}, {"id": 307, "kind": "ground", "lat": 50.743661249999995, "lon": -1.9624302500000113, "alt_m": 37.0, "name": "M0EYT / 2E0NOG"}, {"id": 308, "kind": "ground", "lat": 42.288400499999995, "lon": -71.49619249999999, "alt_m": 3228.205, "name": "Grove-UHF-01"}, {"id": 309, "kind": "ground", "lat": 52.025103666666666, "lon": 12.615006666666659, "alt_m": 92.66666666666667, "name": "BEEGND-1"}, {"id": 310, "kind": "ground", "lat": 48.045500000000004, "lon": 17.375, "alt_m": 124.5, "name": "OM1LD -Needronix"}, {"id": 311, "kind": "ground", "lat": -31.962197759139787, "lon": 115.90531864587814, "alt_m": 2852.313548387097, "name": "VK6SAT - UHF"}, {"id": 312, "kind": "ground", "lat": 59.365385, "lon": 18.014016999999996, "alt_m": 31.1, "name": "SM0IFP"}, {"id": 313, "kind": "ground", "lat": 55.68891369523809, "lon": 37.42010996714285, "alt_m": 158.47619047619048, "name": "SPUTNIX-R2ANF-VHF/UHF-stationary"}, {"id": 314, "kind": "ground", "lat": 35.52085730596625, "lon": 139.69070650911556, "alt_m": 4133.44, "name": "7J1AJH"}, {"id": 315, "kind": "ground", "lat": 38.91599894444445, "lon": -77.29332058080809, "alt_m": 3428.8343434343433, "name": "KO2F-UHF-1"}, {"id": 316, "kind": "ground", "lat": 38.373514285714286, "lon": -81.55247142857142, "alt_m": 7268.245714285715, "name": "CWVRPi3uhf"}, {"id": 317, "kind": "ground", "lat": 40.398980449041666, "lon": -74.40614444029165, "alt_m": 4433.426666666666, "name": "W2MMD GCARC Clubhouse"}, {"id": 318, "kind": "ground", "lat": 37.7516599, "lon": -25.608254649999992, "alt_m": 101.0, "name": "CU2ZG"}, {"id": 319, "kind": "ground", "lat": 39.104, "lon": -0.4579999999999984, "alt_m": 50.0, "name": "EA5WA Pobla Llarga"}, {"id": 320, "kind": "ground", "lat": 48.16970184, "lon": 11.520496399999985, "alt_m": 471.8666666666667, "name": "Black Mensa Ground Station"}, {"id": 321, "kind": "ground", "lat": 52.05375085714286, "lon": 4.377183476190481, "alt_m": 11.619047619047619, "name": "DS-1 (VHF)"}, {"id": 322, "kind": "ground", "lat": 42.38401051713149, "lon": -71.0395199976925, "alt_m": 5904.673600000001, "name": "52HancockSt"}, {"id": 323, "kind": "ground", "lat": 38.22223, "lon": 21.743449999999996, "alt_m": 20.0, "name": "SV2SQN Patras, GR Station"}, {"id": 324, "kind": "ground", "lat": 37.1580041, "lon": 22.893082700000008, "alt_m": 20.0, "name": "Leonidio"}, {"id": 325, "kind": "ground", "lat": 51.70482928571429, "lon": 5.053800571428582, "alt_m": 15.571428571428571, "name": "PE0SAT-11"}, {"id": 326, "kind": "ground", "lat": 42.75515683333333, "lon": -71.43325583333333, "alt_m": 1578.3666666666666, "name": "kc1fha"}, {"id": 327, "kind": "ground", "lat": 45.75534166666666, "lon": 21.217306666666673, "alt_m": 83.33333333333333, "name": "Timisoara - VHF QHA"}, {"id": 328, "kind": "ground", "lat": 56.18313314285714, "lon": 10.207518000000022, "alt_m": 57.285714285714285, "name": "OZ1SKY"}, {"id": 329, "kind": "ground", "lat": -34.59932669268293, "lon": -58.52079258048781, "alt_m": 1226.2931707317075, "name": "lu1esy"}, {"id": 330, "kind": "ground", "lat": -34.822250000000004, "lon": 150.572425, "alt_m": 2189.08, "name": "VK2BYF-VHF"}, {"id": 331, "kind": "ground", "lat": 29.1071, "lon": 48.12450000000001, "alt_m": 20.0, "name": "Um Alaish 4"}, {"id": 332, "kind": "ground", "lat": 35.14631252054795, "lon": -80.98178282191782, "alt_m": 3325.3786301369864, "name": "k8zk"}, {"id": 333, "kind": "ground", "lat": -40.948359999999994, "lon": 175.66275000000002, "alt_m": 100.0, "name": "ZL2MST"}, {"id": 334, "kind": "ground", "lat": 41.70158, "lon": -8.825690000000009, "alt_m": 46.0, "name": "CT7AFR"}, {"id": 335, "kind": "ground", "lat": 50.8014084375, "lon": 3.0710449316406425, "alt_m": 22.25, "name": "VAUBAN-IEPER  ON7XX"}, {"id": 336, "kind": "ground", "lat": 37.73156321413984, "lon": -121.85058086770864, "alt_m": 3004.3513300492614, "name": "W6MSU U"}, {"id": 337, "kind": "ground", "lat": 30.1790125, "lon": -92.05407500000001, "alt_m": 9.5, "name": "KD5QZG - VHF/UHF"}, {"id": 338, "kind": "ground", "lat": 51.50881033750034, "lon": -1.3219290084477393, "alt_m": 80.11111111111111, "name": "Harwell"}, {"id": 339, "kind": "ground", "lat": 52.342463, "lon": -1.2903479999999945, "alt_m": 128.0, "name": "Dunchurch"}, {"id": 340, "kind": "ground", "lat": 48.8754, "lon": 8.722200000000015, "alt_m": 361.6, "name": "PF_DE_UHF_X_DIPOLE"}, {"id": 341, "kind": "ground", "lat": 41.82779989829546, "lon": -87.72212833863635, "alt_m": 3836.8261363636366, "name": "Valpo WIRED Lab 1"}, {"id": 342, "kind": "ground", "lat": 52.594, "lon": -0.5409999999999968, "alt_m": 45.0, "name": "Welland"}, {"id": 343, "kind": "ground", "lat": 45.637144666666664, "lon": 12.260872333333339, "alt_m": 28.176666666666666, "name": "IU3IOK"}, {"id": 344, "kind": "ground", "lat": 59.957, "lon": 10.762, "alt_m": 160.0, "name": "LA4TSA"}, {"id": 345, "kind": "ground", "lat": 49.89872148095238, "lon": 8.7116975047619, "alt_m": 3030.3809523809523, "name": "Bad Homburg"}, {"id": 346, "kind": "ground", "lat": -37.755521114165035, "lon": 144.9971995044691, "alt_m": 3133.3525714285715, "name": "VK3XN - VHF"}, {"id": 347, "kind": "ground", "lat": 32.93125293915923, "lon": -96.96484073171726, "alt_m": 4227.03052631579, "name": "KF5IDY RTL-SDR Egg 2m"}, {"id": 348, "kind": "ground", "lat": 43.58768773245333, "lon": 1.431065959678648, "alt_m": 183.66666666666666, "name": "DEOS_RALF"}, {"id": 349, "kind": "ground", "lat": 48.810519411774756, "lon": 2.2452667747890303, "alt_m": 111.17489361702128, "name": "CCERES Ground Station"}, {"id": 350, "kind": "ground", "lat": 51.25, "lon": 22.5, "alt_m": 200.0, "name": "sp8ncg-rtl1"}, {"id": 351, "kind": "ground", "lat": 45.475501715, "lon": -73.663162375, "alt_m": 3259.0135, "name": "VA2WBT - Montr\u00e9al, Canada"}, {"id": 352, "kind": "ground", "lat": 51.28681352307693, "lon": 4.560729633076932, "alt_m": 12.384615384615385, "name": "Campus Borsbeek"}, {"id": 353, "kind": "ground", "lat": 38.98111866666667, "lon": -1.854569666666663, "alt_m": 692.6666666666666, "name": "BHDynamics"}, {"id": 354, "kind": "ground", "lat": 49.27201216666666, "lon": 18.135160833333344, "alt_m": 377.0, "name": "om3tps_home"}, {"id": 355, "kind": "ground", "lat": 37.8605, "lon": -90.608, "alt_m": 271.0, "name": "KE0RWZ-Mini-PC"}, {"id": 356, "kind": "ground", "lat": -34.89808797293269, "lon": 138.60115895498666, "alt_m": 1212.1614285714286, "name": "VK5ALG VHF"}, {"id": 357, "kind": "ground", "lat": 43.394021925000004, "lon": -3.897006262500014, "alt_m": 49.375, "name": "EA1JBS - StationPueblu1"}, {"id": 358, "kind": "ground", "lat": 57.0051923, "lon": 10.008129179999997, "alt_m": 10.2, "name": "The Garage"}, {"id": 359, "kind": "ground", "lat": 52.65623, "lon": 1.2849333333333277, "alt_m": 37.666666666666664, "name": "Venables_Shed_UHF"}, {"id": 360, "kind": "ground", "lat": 49.267, "lon": 1.0529999999999973, "alt_m": 15.0, "name": "F4GPM"}, {"id": 361, "kind": "ground", "lat": 33.323, "lon": -86.888, "alt_m": 231.5, "name": "KC4LE 2m/70cm Open Stub J-Pole"}, {"id": 362, "kind": "ground", "lat": 52.49160546251787, "lon": 13.313184160151991, "alt_m": 46.48148148148148, "name": "Archenhold"}, {"id": 363, "kind": "ground", "lat": 38.531075, "lon": -89.99795, "alt_m": 846.845, "name": "Not Quite ESL"}, {"id": 364, "kind": "ground", "lat": 48.030477000000005, "lon": 20.805437499999982, "alt_m": 5793.69, "name": "Malyi UHF"}, {"id": 365, "kind": "ground", "lat": 48.69789033333333, "lon": 9.718561999999991, "alt_m": 363.3333333333333, "name": "BMGP-01"}, {"id": 366, "kind": "ground", "lat": 39.8808289275862, "lon": 32.7459536275862, "alt_m": 972.4827586206897, "name": "TA2NMU (QFH-South)"}, {"id": 367, "kind": "ground", "lat": 51.46989245, "lon": 7.215572766666668, "alt_m": 653.0088888888889, "name": "DK0SB-VHF-Omni"}, {"id": 368, "kind": "ground", "lat": 30.05973, "lon": -99.15139, "alt_m": 500.0, "name": "N5ZKK-VHF-Helical"}, {"id": 369, "kind": "ground", "lat": 43.990733, "lon": 4.176922999999988, "alt_m": 137.5, "name": "F4IAI - Moussac"}, {"id": 370, "kind": "ground", "lat": 48.05985, "lon": 7.854150000000004, "alt_m": 244.0, "name": "DD1US/1 VHF-Omni"}, {"id": 371, "kind": "ground", "lat": 49.197950000000006, "lon": 9.383100000000013, "alt_m": 999.16, "name": "DD1US/2 VHF/UHF/L-Omni"}, {"id": 372, "kind": "ground", "lat": 53.90633333333333, "lon": 27.10233333333335, "alt_m": 280.3333333333333, "name": "EU1AEM"}, {"id": 373, "kind": "ground", "lat": 49.769, "lon": 15.992999999999995, "alt_m": 589.0, "name": "ok1phu-2"}, {"id": 374, "kind": "ground", "lat": 45.244466666666675, "lon": 19.828100000000006, "alt_m": 3681.1666666666665, "name": "CSPDHQ"}, {"id": 375, "kind": "ground", "lat": -38.28, "lon": -57.854, "alt_m": 10.0, "name": "LW2DYB"}, {"id": 376, "kind": "ground", "lat": 63.854, "lon": 20.208, "alt_m": 35.0, "name": "SA2KNG Omni UHF/VHF"}, {"id": 377, "kind": "ground", "lat": 46.55565548571429, "lon": 6.5512851642857015, "alt_m": 550.7142857142857, "name": "HB9FXX S-Band"}, {"id": 378, "kind": "ground", "lat": -27.387347387096767, "lon": 153.10112977419357, "alt_m": 2034.2006451612904, "name": "VK4JBE-UHF"}, {"id": 379, "kind": "ground", "lat": 29.97605678688524, "lon": -95.23501329508197, "alt_m": 2143.940327868853, "name": "Canopus80"}, {"id": 380, "kind": "ground", "lat": 50.567, "lon": 22.074000000000012, "alt_m": 16.0, "name": "SP7THR-UHF"}, {"id": 381, "kind": "ground", "lat": 53.144061, "lon": 6.016975000000002, "alt_m": 5.0, "name": "Drachten"}, {"id": 382, "kind": "ground", "lat": 64.7941, "lon": -147.536, "alt_m": 147.0, "name": "MAUSyagi-AK"}, {"id": 383, "kind": "ground", "lat": 34.687258875, "lon": -86.708832125, "alt_m": 1558.9700000000003, "name": "KU4YJ"}, {"id": 384, "kind": "ground", "lat": 36.122909119999996, "lon": 140.08394378000003, "alt_m": 128.948, "name": "JH4XSY-pi"}, {"id": 385, "kind": "ground", "lat": -27.406399999999998, "lon": 151.51049999999998, "alt_m": 1076.78, "name": "YMCF"}, {"id": 386, "kind": "ground", "lat": 51.30561042096456, "lon": -0.4502007265593022, "alt_m": 707.1521739130435, "name": "M0GLU"}, {"id": 387, "kind": "ground", "lat": 45.316003, "lon": 18.409289, "alt_m": 100.0, "name": "9A3XK"}, {"id": 388, "kind": "ground", "lat": 39.859620672, "lon": -104.764871636, "alt_m": 5545.1816, "name": "MAUSyagi"}, {"id": 389, "kind": "ground", "lat": -34.902121983021104, "lon": -58.00889533504204, "alt_m": 22.714285714285715, "name": "Groundstation Villa Elisa"}, {"id": 390, "kind": "ground", "lat": 50.00101556, "lon": 21.920601320000003, "alt_m": 2196.224, "name": "Mogielnica - S-band"}, {"id": 391, "kind": "ground", "lat": 49.981523333333335, "lon": 8.242668000000009, "alt_m": 93.33333333333333, "name": "Mainz435"}, {"id": 392, "kind": "ground", "lat": 53.35994899999999, "lon": -6.250492000000008, "alt_m": 2043.154, "name": "EIRSAT-1 GS - UCD Physics"}, {"id": 393, "kind": "ground", "lat": 48.363, "lon": 10.312000000000012, "alt_m": 480.0, "name": "DG9MA"}, {"id": 394, "kind": "ground", "lat": 34.98507272727272, "lon": -89.88281818181817, "alt_m": 4888.778181818182, "name": "Rhodes College"}, {"id": 395, "kind": "ground", "lat": 47.872617999999996, "lon": 19.90569233333335, "alt_m": 689.6666666666666, "name": "Piszkesteto UHF"}, {"id": 396, "kind": "ground", "lat": -2.2530366666666666, "lon": 113.92740000000003, "alt_m": 10.333333333333334, "name": "YC7OIZ"}, {"id": 397, "kind": "ground", "lat": 47.25833, "lon": 16.60462000000001, "alt_m": 232.0, "name": "GAO UHF"}, {"id": 398, "kind": "ground", "lat": 28.1161205, "lon": -16.705210000000022, "alt_m": 635.5, "name": "EA3GKP Taucho-Tenerife"}, {"id": 399, "kind": "ground", "lat": 35.694, "lon": -84.27, "alt_m": 350.0, "name": "N1ESK-Loudon"}, {"id": 400, "kind": "ground", "lat": 19.373010277777777, "lon": -99.12487427777779, "alt_m": 3483.6033333333335, "name": "Eddyosp-VHF"}, {"id": 401, "kind": "ground", "lat": 46.5224, "lon": 14.846100000000007, "alt_m": 520.0, "name": "S51BW-2"}, {"id": 402, "kind": "ground", "lat": 38.32025, "lon": -76.46430000000001, "alt_m": 3912.56, "name": "KC3QNJ"}, {"id": 403, "kind": "ground", "lat": 1.3501964424785386, "lon": 103.81574656602828, "alt_m": 1162.9299999999998, "name": "9V1KG"}, {"id": 404, "kind": "ground", "lat": 45.94803527998647, "lon": -66.69835228537794, "alt_m": 1885.7933333333333, "name": "VE9EX-1"}, {"id": 405, "kind": "ground", "lat": -2.5441643333333332, "lon": -44.278518666666656, "alt_m": 31.666666666666668, "name": "PU8MAV"}, {"id": 406, "kind": "ground", "lat": 49.08116, "lon": 12.366600000000005, "alt_m": 4615.084, "name": "DL2SKY"}, {"id": 407, "kind": "ground", "lat": 20.70906025, "lon": -103.42766362500001, "alt_m": 1609.625, "name": "Eddyosp II-UHF"}, {"id": 408, "kind": "ground", "lat": 45.49503814285714, "lon": 8.81423657142858, "alt_m": 1639.4057142857143, "name": "I2OIM"}, {"id": 409, "kind": "ground", "lat": 47.212456, "lon": 7.621807999999987, "alt_m": 217.5, "name": "hb9mfl_2m-Band"}, {"id": 410, "kind": "ground", "lat": 19.415, "lon": -154.892, "alt_m": 15.0, "name": "WH6GVF UHF"}, {"id": 411, "kind": "ground", "lat": 47.03642257142857, "lon": 15.349153714285706, "alt_m": 388.57142857142856, "name": "OE6ISP_NeSDR"}, {"id": 412, "kind": "ground", "lat": 39.58562535, "lon": 32.66162589999999, "alt_m": 1065.0, "name": "ps_ground_station1"}, {"id": 413, "kind": "ground", "lat": 50.44429471428571, "lon": 30.507755857142854, "alt_m": 153.42857142857142, "name": "UX5UL"}, {"id": 414, "kind": "ground", "lat": 13.046504934999998, "lon": 77.63335833999997, "alt_m": 1394.5890000000002, "name": "VU2JEK_Nitin"}, {"id": 415, "kind": "ground", "lat": 25.001873977043775, "lon": 121.33017758329174, "alt_m": 1452.6837500000001, "name": "BV2DQ /WJ2I Beam Taiwan"}, {"id": 416, "kind": "ground", "lat": 33.797308, "lon": -79.12212149999999, "alt_m": 15.0, "name": "Jim UHF"}, {"id": 417, "kind": "ground", "lat": 36.408, "lon": -76.756, "alt_m": 35.0, "name": "LSTN Station at Gates County Public Library"}, {"id": 418, "kind": "ground", "lat": 40.926655, "lon": 29.338040000000007, "alt_m": 140.0, "name": "GUMUSH Ground Station"}, {"id": 419, "kind": "ground", "lat": 13.806811393548386, "lon": 100.62502838925803, "alt_m": 1877.8541935483875, "name": "Mahanakorn Ground Station"}, {"id": 420, "kind": "ground", "lat": 38.35665, "lon": 140.78859999999997, "alt_m": 4732.56, "name": "Nekosat (QFH UHF)"}, {"id": 421, "kind": "ground", "lat": 41.971560499999995, "lon": -71.0375985, "alt_m": 1718.07, "name": "N1JFU"}, {"id": 422, "kind": "ground", "lat": 50.50566666666666, "lon": 5.702633333333324, "alt_m": 505.34666666666664, "name": "DEX-ONE"}, {"id": 423, "kind": "ground", "lat": 49.16864966389227, "lon": 16.686133371625118, "alt_m": 961.3694117647059, "name": "OK2KVL"}, {"id": 424, "kind": "ground", "lat": 55.430499999999995, "lon": 37.519000000000005, "alt_m": 162.5, "name": "RA3PPY"}, {"id": 425, "kind": "ground", "lat": 42.666248, "lon": 23.333997285714275, "alt_m": 644.1257142857143, "name": "Lovets"}, {"id": 426, "kind": "ground", "lat": 42.319092500000004, "lon": -83.24600854545454, "alt_m": 3014.9031818181825, "name": "WD8EBZ - 70cm"}, {"id": 427, "kind": "ground", "lat": 52.74, "lon": -6.889999999999986, "alt_m": 159.0, "name": "EI4FNB UHF Omni"}, {"id": 428, "kind": "ground", "lat": -20.74, "lon": 116.80700000000002, "alt_m": 20.0, "name": "test999"}, {"id": 429, "kind": "ground", "lat": 48.45939799999999, "lon": -123.38928619999999, "alt_m": 39.6, "name": "UVSD-SatNOGS"}, {"id": 430, "kind": "ground", "lat": 60.21192694201538, "lon": 24.853997412923064, "alt_m": 791.2307692307693, "name": "OH2UDS- HS-MarsOnEarthProject-4-Finland"}, {"id": 431, "kind": "ground", "lat": 48.202583509741764, "lon": 16.389936530350212, "alt_m": 159.66666666666666, "name": "SpaceTeam TMW"}, {"id": 432, "kind": "ground", "lat": 45.294227, "lon": -93.95693666666666, "alt_m": 1736.6966666666667, "name": "N0NQD-SatScanner UHF"}, {"id": 433, "kind": "ground", "lat": 52.19355485714285, "lon": 5.311391571428572, "alt_m": 11.857142857142858, "name": "StreetDirt VHF"}, {"id": 434, "kind": "ground", "lat": 39.5796765, "lon": 2.7001505000000066, "alt_m": 83.33333333333333, "name": "ea6tc"}, {"id": 435, "kind": "ground", "lat": 47.591835, "lon": 19.590874999999983, "alt_m": 152.5, "name": "ha7dcd and decent.org"}, {"id": 436, "kind": "ground", "lat": 51.42375714285714, "lon": 12.19912857142856, "alt_m": 8587.142857142857, "name": "PARSEC 2"}, {"id": 437, "kind": "ground", "lat": 56.857, "lon": 24.709000000000003, "alt_m": 45.0, "name": "YL3CT"}, {"id": 438, "kind": "ground", "lat": 52.132, "lon": -10.447000000000003, "alt_m": 70.0, "name": "EIRSAT-1 GS - D\u00fan Chaoin"}, {"id": 439, "kind": "ground", "lat": 52.465, "lon": -2.6030000000000086, "alt_m": 390.0, "name": "Woodbank."}, {"id": 440, "kind": "ground", "lat": 49.783396833333335, "lon": 9.971684833333342, "alt_m": 266.1666666666667, "name": "JMUW - Raumfahrttechnik - UHF"}, {"id": 441, "kind": "ground", "lat": 34.01006025523424, "lon": -118.15511724088043, "alt_m": 2242.1267391304345, "name": "WA6RSV"}, {"id": 442, "kind": "ground", "lat": 41.8458, "lon": -72.4711, "alt_m": 106.0, "name": "MacPherson_RSS"}, {"id": 443, "kind": "ground", "lat": -37.811242166666666, "lon": 175.28417116666662, "alt_m": 1329.6566666666668, "name": "ZL2CWA Hamilton NZ"}, {"id": 444, "kind": "ground", "lat": 43.533194699999996, "lon": -5.657663233333324, "alt_m": 11.0, "name": "ExpoSat-VHF"}, {"id": 445, "kind": "ground", "lat": 49.732119999999995, "lon": 7.336135000000013, "alt_m": 480.0, "name": "KEREL-UHF-RLP"}, {"id": 446, "kind": "ground", "lat": 44.04, "lon": 8.219999999999999, "alt_m": 4.0, "name": "IK1JNS-UHF"}, {"id": 447, "kind": "ground", "lat": -19.8560265, "lon": -44.617155, "alt_m": 809.5, "name": "PU4ELT"}, {"id": 448, "kind": "ground", "lat": 51.904, "lon": -8.663999999999987, "alt_m": 101.0, "name": "sat-rx"}, {"id": 449, "kind": "ground", "lat": 39.569, "lon": -3.186000000000007, "alt_m": 681.5, "name": "EuroSpaceHub-UCM"}, {"id": 450, "kind": "ground", "lat": 48.498, "lon": 11.937999999999988, "alt_m": 468.0, "name": "Wei\u00dfblaues Ufer"}, {"id": 451, "kind": "ground", "lat": -26.02903353796364, "lon": 28.12084727832726, "alt_m": 1245.7272727272727, "name": "ZS6ETA"}, {"id": 452, "kind": "ground", "lat": 32.19784738571429, "lon": -110.91706677142858, "alt_m": 3074.9157142857143, "name": "CatSat ARB"}, {"id": 453, "kind": "ground", "lat": 49.470484285714285, "lon": 11.079951428571434, "alt_m": 3083.714285714286, "name": "DF0OHM Turnstile VHF (Test UHF)"}, {"id": 454, "kind": "ground", "lat": 50.910323299999995, "lon": -1.2963314499999967, "alt_m": 14.0, "name": "M7KBB"}, {"id": 455, "kind": "ground", "lat": 29.291665333333338, "lon": 48.00885299999999, "alt_m": 3352.3333333333335, "name": "KARS - 9K2RA"}, {"id": 456, "kind": "ground", "lat": 52.18, "lon": 16.800999999999988, "alt_m": 66.0, "name": "SatNOGS_Pecna_1_UHF"}, {"id": 457, "kind": "ground", "lat": 50.1270739090909, "lon": 14.483369154545443, "alt_m": 273.72727272727275, "name": "VZLU-PRG VHF Omni"}, {"id": 458, "kind": "ground", "lat": -70.658667, "lon": -8.284667000000013, "alt_m": 15.0, "name": "DP0GVN-UHF"}, {"id": 459, "kind": "ground", "lat": 49.03358, "lon": 11.97693000000001, "alt_m": 470.0, "name": "DK6RS"}, {"id": 460, "kind": "ground", "lat": 40.00729242142857, "lon": -76.86000033571429, "alt_m": 2790.7757142857145, "name": "KeystoneMakers"}, {"id": 461, "kind": "ground", "lat": -5.360666666666667, "lon": 105.30700000000002, "alt_m": 120.0, "name": "ADHITO GS / YG4SLJ"}, {"id": 462, "kind": "ground", "lat": 54.541990825, "lon": 18.470016499999986, "alt_m": 72.5, "name": "SP2ZIE"}, {"id": 463, "kind": "ground", "lat": -33.901439436363646, "lon": 151.14061352727276, "alt_m": 5881.526181818181, "name": "VK2RZ"}, {"id": 464, "kind": "ground", "lat": 50.559, "lon": 29.913999999999987, "alt_m": 146.66666666666666, "name": "UT4UYF/M"}, {"id": 465, "kind": "ground", "lat": 31.029893, "lon": 30.456294000000014, "alt_m": 5.0, "name": "Damanhur_Sentinel"}, {"id": 466, "kind": "ground", "lat": -33.956323100000006, "lon": 138.6718404, "alt_m": 2128.92, "name": "South Australia - VHF"}, {"id": 467, "kind": "ground", "lat": 40.17045, "lon": -78.911, "alt_m": 4919.94, "name": "Signal Voyage Cubesat Ground Station"}, {"id": 468, "kind": "ground", "lat": 49.224199999999996, "lon": 10.728749999999991, "alt_m": 469.0, "name": "Eldr\u00fan"}, {"id": 469, "kind": "ground", "lat": 50.37722, "lon": 11.189719999999994, "alt_m": 640.0, "name": "Sternwarte Sonneberg Turnstile VHF (Test UHF)"}, {"id": 470, "kind": "ground", "lat": 32.657, "lon": -99.844, "alt_m": 512.0, "name": "Hawley Tx"}, {"id": 471, "kind": "ground", "lat": 28.994620212135924, "lon": -81.203815484466, "alt_m": 2109.8304854368935, "name": "Section III Observer (Directional South)"}, {"id": 472, "kind": "ground", "lat": 60.104, "lon": 32.292, "alt_m": 20.0, "name": "R1CDM_UHF"}, {"id": 473, "kind": "ground", "lat": 35.04222, "lon": 137.07682, "alt_m": 226.856, "name": "estima5633"}, {"id": 474, "kind": "ground", "lat": 48.630872749999995, "lon": 19.134340500000008, "alt_m": 357.0, "name": "96262"}, {"id": 475, "kind": "ground", "lat": 45.816648795440955, "lon": 14.717664917043464, "alt_m": 429.0, "name": "burek"}, {"id": 476, "kind": "ground", "lat": -6.5936, "lon": 106.77199999999999, "alt_m": 240.0, "name": "YC0AVJ"}, {"id": 477, "kind": "ground", "lat": 41.35136225, "lon": 69.20472649999999, "alt_m": 13.75, "name": "NUUGS2"}, {"id": 478, "kind": "ground", "lat": 48.191, "lon": 9.437999999999988, "alt_m": 291.0, "name": "DH1OK-UHF-SatRX"}, {"id": 479, "kind": "ground", "lat": 50.141456, "lon": -5.109171333333336, "alt_m": 101.0, "name": "Goonhilly-M0XGH"}, {"id": 480, "kind": "ground", "lat": 38.72, "lon": 77.94999999999999, "alt_m": 152.0, "name": "smithsonian-7799"}, {"id": 481, "kind": "ground", "lat": 41.6980984, "lon": 24.95583959999999, "alt_m": 1110.0, "name": "Sofia SAT Club - Hadji Boby VHF"}, {"id": 482, "kind": "ground", "lat": 13.415248, "lon": 77.69328133333335, "alt_m": 1668.6266666666668, "name": "SJCIT"}, {"id": 483, "kind": "ground", "lat": 53.87905108333334, "lon": -1.6210457333333466, "alt_m": 488.53999999999996, "name": "M0RVB"}, {"id": 484, "kind": "ground", "lat": 51.043735, "lon": 21.087986, "alt_m": 268.0, "name": "SQ7RAD"}, {"id": 485, "kind": "ground", "lat": 39.0428, "lon": -83.89344, "alt_m": 6060.512, "name": "W8DLS"}, {"id": 486, "kind": "ground", "lat": 52.785, "lon": 4.7760000000000105, "alt_m": 1.0, "name": "Tim-schagen-VHF"}, {"id": 487, "kind": "ground", "lat": 1.365176, "lon": 124.82777399999998, "alt_m": 675.0, "name": "YC8UMD"}, {"id": 488, "kind": "ground", "lat": 47.463354107260976, "lon": 19.130925110580733, "alt_m": 4381.464285714285, "name": "HA4TI"}, {"id": 489, "kind": "ground", "lat": 33.885834333333335, "lon": 130.85071749999997, "alt_m": 25.0, "name": "JF6FYI Nishikazu, KitaKyushu, QFH (UHF)"}, {"id": 490, "kind": "ground", "lat": 49.637, "lon": 5.772999999999996, "alt_m": 338.0, "name": "UdangeScope"}, {"id": 491, "kind": "ground", "lat": 53.540152649999996, "lon": -0.08114405000000602, "alt_m": 10.25, "name": "G4TNX-2"}, {"id": 492, "kind": "ground", "lat": 55.897664999999996, "lon": -4.297763666666668, "alt_m": 82.27555555555556, "name": "arcmcm_Glasgow"}, {"id": 493, "kind": "ground", "lat": 50.80697326781749, "lon": 7.576137373391418, "alt_m": 709.69, "name": "EComCon"}, {"id": 494, "kind": "ground", "lat": -8.7192, "lon": 115.20659999999998, "alt_m": 11.6, "name": "I LOVE BALI YESTERDAY"}, {"id": 495, "kind": "ground", "lat": 51.775890999999994, "lon": 0.9138553333333448, "alt_m": 25.333333333333332, "name": "2E0TNG-WorkShop"}, {"id": 496, "kind": "ground", "lat": 42.99996628871616, "lon": 24.93095371083973, "alt_m": 410.0, "name": "Sofia SAT Club - Bay Ivan"}, {"id": 497, "kind": "ground", "lat": 52.388760000000005, "lon": 4.90507199999999, "alt_m": 2.8, "name": "1_YP_SDR_V_Dipole_NL"}, {"id": 498, "kind": "ground", "lat": 37.994513638988344, "lon": 23.744734763474327, "alt_m": 142.0, "name": "Apomahon"}, {"id": 499, "kind": "ground", "lat": 35.50129333333334, "lon": 24.01140166666667, "alt_m": 67.33333333333333, "name": "Talos"}, {"id": 500, "kind": "ground", "lat": 45.536139596428576, "lon": -122.75373563214285, "alt_m": 2384.3685714285716, "name": "PSU-EB  UniClOGS"}, {"id": 501, "kind": "ground", "lat": 46.839, "lon": 15.012, "alt_m": 1641.0, "name": "oe8rke"}, {"id": 502, "kind": "ground", "lat": 48.63, "lon": 18.341000000000008, "alt_m": 180.0, "name": "SOSA-OBSPE"}, {"id": 503, "kind": "ground", "lat": 44.699353, "lon": 7.836501700000014, "alt_m": 270.0, "name": "IQ1RY ARI Sezione di Bra"}, {"id": 504, "kind": "ground", "lat": 53.66569366666667, "lon": 9.939465299999995, "alt_m": 18.77777777777778, "name": "DF3LZ"}, {"id": 505, "kind": "ground", "lat": -27.597521414285715, "lon": -48.558752085714275, "alt_m": 20.571428571428573, "name": "IFSC"}, {"id": 506, "kind": "ground", "lat": 49.47486213333334, "lon": 7.691930466666662, "alt_m": 2571.2066666666665, "name": "DL0XK"}, {"id": 507, "kind": "ground", "lat": 37.78123828571428, "lon": -79.0032837142857, "alt_m": 5728.942857142858, "name": "KB4NKO - Jonesboro, VA, US UHF"}, {"id": 508, "kind": "ground", "lat": 52.483, "lon": 7.550000000000011, "alt_m": 25.0, "name": "DE-FRE-VHF"}, {"id": 509, "kind": "ground", "lat": 46.15183457142858, "lon": 14.343425142857143, "alt_m": 375.7142857142857, "name": "S59MZ-UHF"}, {"id": 510, "kind": "ground", "lat": 39.963495, "lon": -85.929823, "alt_m": 850.0, "name": "Gray Eagle"}, {"id": 511, "kind": "ground", "lat": 35.88985785, "lon": -106.17324454999999, "alt_m": 6562.65, "name": "White Rock New Mexico"}, {"id": 512, "kind": "ground", "lat": 64.13628661246054, "lon": 18.98569468915582, "alt_m": 213.0, "name": "SATNOGS-PI4"}, {"id": 513, "kind": "ground", "lat": 43.413, "lon": 24.617999999999995, "alt_m": 100.0, "name": "LZ2SAT"}, {"id": 514, "kind": "ground", "lat": 48.007375, "lon": 7.3533999999999935, "alt_m": 164.25, "name": "MANU F4HSE"}, {"id": 515, "kind": "ground", "lat": -16.448, "lon": 145.40800000000002, "alt_m": 6.0, "name": "VK4SMC #1"}, {"id": 516, "kind": "ground", "lat": 21.012050304374316, "lon": 105.8983204252479, "alt_m": 671.552, "name": "Hanoi satellite station"}, {"id": 517, "kind": "ground", "lat": 40.437001428571435, "lon": -80.04102807142858, "alt_m": 2954.9871428571428, "name": "EX-EN90-VHF"}, {"id": 518, "kind": "ground", "lat": 36.102204666666665, "lon": 28.081458666666663, "alt_m": 155.66666666666666, "name": "SV5QNF - UHF"}, {"id": 519, "kind": "ground", "lat": 33.8347016, "lon": -116.47582400000002, "alt_m": 2469.068, "name": "KK6NOW - Palm Desert, CA, US"}, {"id": 520, "kind": "ground", "lat": -34.73716666666667, "lon": 148.86326666666673, "alt_m": 3307.8266666666664, "name": "Pete (vk2pet)"}, {"id": 521, "kind": "ground", "lat": 17.983333, "lon": -92.925, "alt_m": 10.0, "name": "station-01"}, {"id": 522, "kind": "ground", "lat": 42.019, "lon": 0.744400000000013, "alt_m": 755.0, "name": "AAS Ager Carballada"}, {"id": 523, "kind": "ground", "lat": 39.24748225, "lon": -76.05608875, "alt_m": 2045.73, "name": "CHESAPEAKE VHF"}, {"id": 524, "kind": "ground", "lat": 44.177600999999996, "lon": 5.061494500000009, "alt_m": 230.0, "name": "F5LZN"}, {"id": 525, "kind": "ground", "lat": -38.30873, "lon": 142.35114, "alt_m": 51.0, "name": "VK3YYZ-UHF-Omni"}, {"id": 526, "kind": "ground", "lat": -33.389133333333334, "lon": -70.59673333333333, "alt_m": 477.0, "name": "Biblioteca de Santiago"}, {"id": 527, "kind": "ground", "lat": 48.333349999999996, "lon": 17.451149999999984, "alt_m": 117.0, "name": "OM7AAK"}, {"id": 528, "kind": "ground", "lat": 42.00955, "lon": -4.5240599999999915, "alt_m": 738.0, "name": "IESTrinidadArroyo"}, {"id": 529, "kind": "ground", "lat": 28.12281222727273, "lon": -80.63844640909092, "alt_m": 1284.7445454545452, "name": "K3TZ - Palm Bay, FL"}, {"id": 530, "kind": "ground", "lat": 33.323664670229014, "lon": -111.96036295801525, "alt_m": 3035.8325190839696, "name": "rommac vhf qfh"}, {"id": 531, "kind": "ground", "lat": 41.77671966666666, "lon": -111.86292300000001, "alt_m": 3138.485, "name": "USU GAS Yagi Az+El"}, {"id": 532, "kind": "ground", "lat": 35.8696482, "lon": -84.53696465, "alt_m": 296.0, "name": "Roane State Tamke-Allan Observatory"}, {"id": 533, "kind": "ground", "lat": 52.188719, "lon": 0.5558232500000031, "alt_m": 57.25, "name": "G6UQZ"}, {"id": 534, "kind": "ground", "lat": 49.66958975, "lon": 6.144281250000006, "alt_m": 299.75, "name": "LX2MT"}, {"id": 535, "kind": "ground", "lat": 35.03655, "lon": -120.37250000000002, "alt_m": 2586.0799999999995, "name": "N6MTS UHF"}, {"id": 536, "kind": "ground", "lat": 78.22, "lon": 15.646000000000015, "alt_m": 17.5, "name": "Konkoly/Masaryk/CARS Svalbard receiver"}, {"id": 537, "kind": "ground", "lat": 51.9696105, "lon": 6.047590000000014, "alt_m": 22.0, "name": "HAN-ESE"}, {"id": 538, "kind": "ground", "lat": 39.610391, "lon": -79.91912825, "alt_m": 3903.215, "name": "WVU ARC W8CUL"}, {"id": 539, "kind": "ground", "lat": 50.04750328571429, "lon": 19.878916000000004, "alt_m": 232.14285714285714, "name": "Jagiellonian University Ground Station"}, {"id": 540, "kind": "ground", "lat": 47.839, "lon": 16.24799999999999, "alt_m": 265.0, "name": "FHWN VHF/UHF"}, {"id": 541, "kind": "ground", "lat": 50.774409999999996, "lon": 7.148255000000006, "alt_m": 5022.5, "name": "DJ7NT / JO30oo"}, {"id": 542, "kind": "ground", "lat": 30.179959944000004, "lon": -97.757222814, "alt_m": 4636.2124, "name": "RR01"}, {"id": 543, "kind": "ground", "lat": 45.0769, "lon": 14.674399999999991, "alt_m": 60.0, "name": "9A4VS VHF/UHF"}, {"id": 544, "kind": "ground", "lat": 48.706706506549814, "lon": 9.179630478109317, "alt_m": 346.0833333333333, "name": "GSUniTue"}, {"id": 545, "kind": "ground", "lat": 41.7921394375, "lon": -71.41179593749999, "alt_m": 752.9525, "name": "haxorthematrix-1"}, {"id": 546, "kind": "ground", "lat": 40.967666666666666, "lon": -5.668000000000006, "alt_m": 800.0, "name": "EA1DIW_TEST"}, {"id": 547, "kind": "ground", "lat": 48.209626, "lon": 17.036544599999985, "alt_m": 197.6, "name": "Deutsche Schule Bratislava"}, {"id": 548, "kind": "ground", "lat": 52.080441500000006, "lon": -0.5773335000000088, "alt_m": 79.16666666666667, "name": "G7UOD-SAT"}, {"id": 549, "kind": "ground", "lat": 44.8713, "lon": 25.518166666666644, "alt_m": 3785.1200000000003, "name": "YO9HZN_2"}, {"id": 550, "kind": "ground", "lat": 61.221, "lon": 27.701999999999998, "alt_m": 90.0, "name": "OH5GLW"}, {"id": 551, "kind": "ground", "lat": 40.221352333333336, "lon": 44.54296366666668, "alt_m": 1268.0, "name": "GS_AM01"}, {"id": 552, "kind": "ground", "lat": 40.580955966666664, "lon": 22.96344632222224, "alt_m": 1171.888888888889, "name": "Sat-mem"}, {"id": 553, "kind": "ground", "lat": 43.437262000000004, "lon": -1.4558439999999848, "alt_m": 28.8, "name": "F4GMT-Satnogs"}, {"id": 554, "kind": "ground", "lat": 53.7635, "lon": 19.691000000000003, "alt_m": 120.0, "name": "SP4EVA"}, {"id": 555, "kind": "ground", "lat": -30.8580215, "lon": 128.115028, "alt_m": 148.5, "name": "Forrest Airport"}, {"id": 556, "kind": "ground", "lat": 32.2885, "lon": -111.868, "alt_m": 331.0, "name": "rommac uhf QFH"}, {"id": 557, "kind": "ground", "lat": 34.56562425, "lon": -112.39072825, "alt_m": 3124.15, "name": "EagleSat"}, {"id": 558, "kind": "ground", "lat": 41.439454383333334, "lon": -8.303767518499996, "alt_m": 179.16666666666666, "name": "i9std"}, {"id": 559, "kind": "ground", "lat": 68.954648, "lon": 33.06213500000001, "alt_m": 35.0, "name": "SPUTNIX-VHF/UHF-Murmansk"}, {"id": 560, "kind": "ground", "lat": 39.247064843326946, "lon": -96.49656772209511, "alt_m": 5248.85, "name": "W0QQQ"}, {"id": 561, "kind": "ground", "lat": 18.853682, "lon": 98.95824199999998, "alt_m": 359.5, "name": "TSC_NARIT"}, {"id": 562, "kind": "ground", "lat": 47.56322208713929, "lon": -122.25699112253575, "alt_m": 4367.019130434782, "name": "UW-Seattle GS1"}, {"id": 563, "kind": "ground", "lat": 46.53628670494956, "lon": -120.69954428405968, "alt_m": 332.0, "name": "K7HAK Collector"}, {"id": 564, "kind": "ground", "lat": 29.507241475, "lon": -98.43849292499999, "alt_m": 961.3075, "name": "Spudnik RF Research"}, {"id": 565, "kind": "ground", "lat": 43.6377126, "lon": 3.8602956000000006, "alt_m": 60.8, "name": "CSUM - F4KJX"}, {"id": 566, "kind": "ground", "lat": 59.589, "lon": 150.832, "alt_m": 1.0, "name": "SPUTNIX-VHF/UHF-Magadan"}, {"id": 567, "kind": "ground", "lat": -6.233667199999999, "lon": 106.80875980000002, "alt_m": 40.2, "name": "GS PAKUBUWONO AMSAT-ID"}, {"id": 568, "kind": "ground", "lat": 44.187, "lon": 4.071400000000011, "alt_m": 350.0, "name": "F4LSB - I"}, {"id": 569, "kind": "ground", "lat": -23.34934, "lon": 150.539645, "alt_m": 11.0, "name": "VK4HAA"}, {"id": 570, "kind": "ground", "lat": 32.0662476, "lon": -81.14837709999999, "alt_m": 1895.5400000000002, "name": "kk4anb-savannah"}, {"id": 571, "kind": "ground", "lat": 43.274175, "lon": 27.96433300000001, "alt_m": 310.0, "name": "NA-Varna"}, {"id": 572, "kind": "ground", "lat": 51.0845, "lon": 17.079000000000008, "alt_m": 117.5, "name": "KsiezeMale"}, {"id": 573, "kind": "ground", "lat": 53.434, "lon": 7.679500000000019, "alt_m": 13.5, "name": "Uplengen"}, {"id": 574, "kind": "ground", "lat": 40.48645115384615, "lon": -3.7060318730769097, "alt_m": 1512.0376923076922, "name": "EA4IQL"}, {"id": 575, "kind": "ground", "lat": 45.6530865, "lon": 11.393633999999992, "alt_m": 186.5, "name": "DolomEdge-1"}, {"id": 576, "kind": "ground", "lat": 21.314970368421054, "lon": -157.8664762894737, "alt_m": 2541.5415789473686, "name": "GS003"}, {"id": 577, "kind": "ground", "lat": 6.558, "lon": 80.01099999999997, "alt_m": 18.0, "name": "Shamika_Test_GS"}, {"id": 578, "kind": "ground", "lat": 44.83091294594593, "lon": -93.19950597297297, "alt_m": 1271.3886486486485, "name": "The Lune"}, {"id": 579, "kind": "ground", "lat": 49.14784875, "lon": -123.92498275000001, "alt_m": 454.875, "name": "VE7PTN1-VHF/UHF"}, {"id": 580, "kind": "ground", "lat": 39.18179742857143, "lon": -86.41686614285716, "alt_m": 1743.7285714285715, "name": "KB9JHU"}, {"id": 581, "kind": "ground", "lat": 55.70162809090909, "lon": 12.500366090909097, "alt_m": 28.676363636363636, "name": "OZ9AEC (SDR Makerspace Test)"}, {"id": 582, "kind": "ground", "lat": -43.04163333333333, "lon": 147.3182333333333, "alt_m": 77.33333333333333, "name": "VK7HSE"}, {"id": 583, "kind": "ground", "lat": 36.9682925, "lon": 22.144846666666666, "alt_m": 12.333333333333334, "name": "Avia"}, {"id": 584, "kind": "ground", "lat": 43.34606666666667, "lon": -87.96390000000001, "alt_m": 3035.433333333333, "name": "Ferns-1"}, {"id": 585, "kind": "ground", "lat": 37.13120000000001, "lon": -80.6034, "alt_m": 4641.35, "name": "NB3T - VHF"}, {"id": 586, "kind": "ground", "lat": 54.526106600000006, "lon": -6.021004000000005, "alt_m": 71.0, "name": "GI7UGV - UHF"}, {"id": 587, "kind": "ground", "lat": 54.488, "lon": -3.587999999999994, "alt_m": 10.0, "name": "G7KSE VHF"}, {"id": 588, "kind": "ground", "lat": 63.41955106849921, "lon": 10.3982938492737, "alt_m": 45.0, "name": "LA1NGS"}, {"id": 589, "kind": "ground", "lat": 46.888701600000005, "lon": 7.341229199999987, "alt_m": 669.4, "name": "Technikraum Lanzenh\u00e4usern"}, {"id": 590, "kind": "ground", "lat": 45.23762068129304, "lon": 5.694766364434912, "alt_m": 312.5, "name": "Chartreuse - Rotator"}, {"id": 591, "kind": "ground", "lat": 28.47025876, "lon": -16.37681416000001, "alt_m": 476.0, "name": "IAC Testing"}, {"id": 592, "kind": "ground", "lat": 27.66453126666666, "lon": 85.40818726666663, "alt_m": 1160.2666666666667, "name": "Saurav Paudel"}, {"id": 593, "kind": "ground", "lat": 53.07445046448288, "lon": 8.861226102354806, "alt_m": 20.2, "name": "DE8MSH"}, {"id": 594, "kind": "ground", "lat": 47.758836333333335, "lon": 9.478938, "alt_m": 286.0, "name": "DB0RV"}, {"id": 595, "kind": "ground", "lat": 30.5862, "lon": -90.498159, "alt_m": 20.0, "name": "KC5DP"}, {"id": 596, "kind": "ground", "lat": -46.2129, "lon": 168.33339999999998, "alt_m": 40.0, "name": "ZL4VBJ VHF"}, {"id": 597, "kind": "ground", "lat": 49.16552226370807, "lon": -122.98765021590853, "alt_m": 2577.8668000000002, "name": "Aardvark Station #1"}, {"id": 598, "kind": "ground", "lat": 53.4393665, "lon": 14.511348999999996, "alt_m": 58.25, "name": "teon"}, {"id": 599, "kind": "ground", "lat": -26.711388333333332, "lon": 27.827594333333337, "alt_m": 1433.0, "name": "ZR6TG Sat Ground Station (UHF)"}]